season,successful_toss_decision,total_matches,success_rate
2023,7,22,31.818181818181817
2024,14,22,63.63636363636363
Overall,21,44,47.72727272727273
