venue,total_matches,batting_first_wins,batting_second_wins,batting_first_win_percentage,batting_second_win_percentage
Brabourne Stadium,11,7,4,63.63636363636363,36.36363636363637
Dr DY Patil Sports Academy,11,3,8,27.27272727272727,72.72727272727273
Arun Jaitley Stadium,11,9,2,81.81818181818183,18.181818181818183
M Chinnaswamy Stadium,11,0,11,0.0,100.0
Arun Jaitley Stadium,11,9,2,81.81818181818183,18.181818181818183
Brabourne Stadium,11,7,4,63.63636363636363,36.36363636363637
Dr DY Patil Sports Academy,11,3,8,27.27272727272727,72.72727272727273
M Chinnaswamy Stadium,11,0,11,0.0,100.0
